month,repo,prime,cpi_yoy,gdp_yoy,unemp,hpi,income_idx,unemp_chg12
2012-01,5.5,9.0,5.7,2.4,24.9,100.0,100.0,0.0
2012-02,5.5,9.0,5.7,2.4,24.9,100.38347448817659,100.42333616592649,0.0
2012-03,5.5,9.0,5.7,2.4,24.9,100.768419503184,100.84846446694681,0.0
2012-04,5.5,9.0,5.7,2.4,24.9,101.15484068411749,101.27539248981692,0.0
2012-05,5.5,9.0,5.7,2.4,24.9,101.54274369169677,101.70412785341031,0.0
2012-06,5.5,9.0,5.7,2.4,24.9,101.93213420834897,102.13467820885391,0.0
2012-07,5.0,8.5,5.7,2.4,24.9,102.3230179382919,102.56705123966462,0.0
2012-08,5.0,8.5,5.708333333333334,2.408333333333333,24.9,102.71608186394359,103.0019345673261,0.0
2012-09,5.0,8.5,5.716666666666667,2.4166666666666665,24.9,103.11133952986873,103.43934453484444,0.0
2012-10,5.0,8.5,5.725,2.425,24.9,103.50880457582089,103.87929760403408,0.0
2012-11,5.0,8.5,5.733333333333333,2.433333333333333,24.9,103.9084907374643,104.32181035644994,0.0
2012-12,5.0,8.5,5.741666666666667,2.4416666666666664,24.9,104.31041184710182,104.76689949432759,0.0
2013-01,5.0,8.5,5.75,2.45,24.9,104.7145818344086,105.2145818415311,0.0
2013-02,5.0,8.5,5.758333333333333,2.4583333333333335,24.9,105.12101472717202,105.66487434450912,0.0
2013-03,5.0,8.5,5.766666666666667,2.466666666666667,24.9,105.52972465203742,106.1177940732588,0.0
2013-04,5.0,8.5,5.775,2.475,24.9,105.94072583526012,106.57335822229803,0.0
2013-05,5.0,8.5,5.783333333333333,2.4833333333333334,24.7,106.35403260346355,107.03158411164559,-0.1999999999999993
2013-06,5.0,8.5,5.791666666666666,2.4916666666666667,24.7,106.76965938440352,107.49248918780984,-0.1999999999999993
2013-07,5.0,8.5,5.8,2.5,24.7,107.18762070773884,107.9560910247857,-0.1999999999999993
2013-08,5.0,8.5,5.825,2.408333333333333,24.7,107.6093570902144,108.42383718108238,-0.1999999999999993
2013-09,5.0,8.5,5.85,2.3166666666666664,24.7,108.03489967162014,108.89576364826283,-0.1999999999999993
2013-10,5.0,8.5,5.875,2.225,24.7,108.46427993614826,109.37190681637374,-0.1999999999999993
2013-11,5.0,8.5,5.8999999999999995,2.1333333333333333,24.7,108.89752971615725,109.85230347845042,-0.1999999999999993
2013-12,5.0,8.5,5.925,2.0416666666666665,24.7,109.33468119598417,110.33699083507958,-0.1999999999999993
2014-01,5.5,9.0,5.949999999999999,1.95,24.7,109.77576691580565,110.8260064990208,-0.1999999999999993
2014-02,5.5,9.0,5.975,1.8583333333333334,24.7,110.22081977554824,111.31938849988754,-0.1999999999999993
2014-03,5.5,9.0,6.0,1.7666666666666666,24.7,110.66987303884902,111.81717528888838,-0.1999999999999993
2014-04,5.5,9.0,6.0249999999999995,1.6749999999999998,24.7,111.12296033706669,112.31940574362949,-0.1999999999999993
2014-05,5.5,9.0,6.05,1.5833333333333333,25.1,111.58011567334411,112.82611917297892,0.40000000000000213
2014-06,5.5,9.0,6.074999999999999,1.4916666666666667,25.1,112.04137342672306,113.3373553219935,0.40000000000000213
2014-07,5.75,9.25,6.1,1.4,25.1,112.50676835631127,113.85315437690959,0.40000000000000213
2014-08,5.75,9.25,5.975,1.3916666666666666,25.1,112.96289324073841,114.36001282003109,0.40000000000000213
2014-09,5.75,9.25,5.85,1.3833333333333333,25.1,113.40960644944596,114.85777713311963,0.40000000000000213
2014-10,5.75,9.25,5.725,1.375,25.1,113.84676840121934,115.3462956151078,0.40000000000000213
2014-11,5.75,9.25,5.6,1.3666666666666667,25.1,114.27424163399637,115.82541845593198,0.40000000000000213
2014-12,5.75,9.25,5.475,1.3583333333333334,25.1,114.69189087408151,116.2949978099458,0.40000000000000213
2015-01,5.75,9.25,5.35,1.35,25.1,115.09958310471993,116.75488786886633,0.40000000000000213
2015-02,5.75,9.25,5.225,1.3416666666666666,25.1,115.49718763398434,117.20494493420486,0.40000000000000213
2015-03,5.75,9.25,5.1,1.3333333333333333,25.1,115.88457616192862,117.64502748913438,0.40000000000000213
2015-04,5.75,9.25,4.975,1.325,25.1,116.2616228469617,118.07499626974553,0.40000000000000213
2015-05,5.75,9.25,4.85,1.3166666666666667,25.2,116.6282043713958,118.49471433564335,0.09999999999999787
2015-06,5.75,9.25,4.725,1.3083333333333333,25.2,116.98420000612312,118.90404713983673,0.09999999999999787
2015-07,6.0,9.5,4.6,1.3,25.2,117.32949167437567,119.30286259787275,0.09999999999999787
2015-08,6.0,9.5,4.741666666666666,1.25,25.2,117.68920365061862,119.71658229077,0.09999999999999787
2015-09,6.0,9.5,4.883333333333333,1.2,25.2,118.06344385303616,120.14533335244916,0.09999999999999787
2015-10,6.0,9.5,5.0249999999999995,1.15,25.2,118.45232538014535,120.58924833326073,0.09999999999999787
2015-11,6.0,9.5,5.166666666666666,1.1,25.2,118.85596656561093,121.04846526604175,0.09999999999999787
2015-12,6.0,9.5,5.308333333333334,1.05,25.2,119.27449103609544,121.52312773536941,0.09999999999999787
2016-01,6.25,9.75,5.449999999999999,1.0,25.2,119.70802777218286,122.01338495005895,0.09999999999999787
2016-02,6.25,9.75,5.591666666666667,0.95,25.2,120.15671117241588,122.51939181895534,0.09999999999999787
2016-03,7.0,10.5,5.733333333333333,0.8999999999999999,25.2,120.62068112048944,123.04130903007075,0.09999999999999787
2016-04,7.0,10.5,5.875,0.85,25.2,121.10008305564654,123.5793031331226,0.09999999999999787
2016-05,7.0,10.5,6.016666666666667,0.7999999999999999,26.5,121.59506804632318,124.13354662552997,1.3000000000000007
2016-06,7.0,10.5,6.158333333333333,0.7499999999999999,26.5,122.10579286709374,124.70421804192853,1.3000000000000007
2016-07,7.0,10.5,6.3,0.7,26.5,122.63242007896963,125.29150204726696,1.3000000000000007
2016-08,7.0,10.5,6.216666666666667,0.7416666666666666,26.5,123.15319323831626,125.87328628608132,1.3000000000000007
2016-09,7.0,10.5,6.133333333333333,0.7833333333333333,26.5,123.66801216064502,126.44946209418103,1.3000000000000007
2016-10,7.0,10.5,6.05,0.825,26.5,124.17677732955859,127.01992131405423,1.3000000000000007
2016-11,7.0,10.5,5.966666666666667,0.8666666666666666,26.5,124.67938992758513,127.5845563272447,1.3000000000000007
2016-12,7.0,10.5,5.883333333333333,0.9083333333333332,26.5,125.17575186696564,128.14326008675846,1.3000000000000007
2017-01,7.0,10.5,5.8,0.95,26.5,125.66576582038145,128.69592614948678,1.3000000000000007
2017-02,7.0,10.5,5.716666666666667,0.9916666666666666,26.5,126.1493352516089,129.24244870863345,1.3000000000000007
2017-03,7.0,10.5,5.633333333333333,1.0333333333333332,26.5,126.62636444608881,129.78272262613189,1.3000000000000007
2017-04,7.0,10.5,5.55,1.075,26.5,127.09675854139684,130.3166434650403,1.3000000000000007
2017-05,7.0,10.5,5.466666666666667,1.1166666666666667,27.5,127.56042355760275,130.8441075219004,1.0
2017-06,7.0,10.5,5.383333333333333,1.1583333333333332,27.5,128.01726642750464,131.3650118590471,1.0
2017-07,6.75,10.25,5.3,1.2,27.5,128.46719502672576,131.8792543368552,1.0
2017-08,6.75,10.25,5.241666666666666,1.2333333333333334,27.5,128.91269488579437,132.3893671858154,1.0
2017-09,6.75,10.25,5.183333333333334,1.2666666666666666,27.5,129.353705661595,132.89528357099732,1.0
2017-10,6.75,10.25,5.125,1.3,27.5,129.79016739387535,133.39693694275206,1.0
2017-11,6.75,10.25,5.066666666666666,1.3333333333333333,27.5,130.222020518417,133.8942610507794,1.0
2017-12,6.75,10.25,5.008333333333333,1.3666666666666667,27.5,130.6492058801751,134.38718995819767,1.0
2018-01,6.75,10.25,4.949999999999999,1.4,27.5,131.07166474638345,134.87565805561178,1.0
2018-02,6.75,10.25,4.891666666666667,1.4333333333333333,27.5,131.48933881962054,135.35960007517497,1.0
2018-03,6.5,10.0,4.833333333333333,1.4666666666666668,27.5,131.90217025083297,135.83895110464084,1.0
2018-04,6.5,10.0,4.7749999999999995,1.5,27.5,132.3101016523121,136.31364660140116,1.0
2018-05,6.5,10.0,4.716666666666667,1.5333333333333334,27.2,132.71307611062042,136.78362240650603,-0.3000000000000007
2018-06,6.5,10.0,4.658333333333333,1.5666666666666669,27.2,133.11103719946283,137.24881475866107,-0.3000000000000007
2018-07,6.5,10.0,4.6,1.6,27.2,133.50392899250005,137.70916030819905,-0.3000000000000007
2018-08,6.5,10.0,4.558333333333333,1.4916666666666667,27.2,133.8934919422171,138.16644040351983,-0.3000000000000007
2018-09,6.5,10.0,4.516666666666667,1.3833333333333333,27.2,134.27968836775656,138.62061245216546,-0.3000000000000007
2018-10,6.5,10.0,4.475,1.2750000000000001,27.2,134.66248080094303,139.0716340128718,-0.3000000000000007
2018-11,6.75,10.25,4.433333333333333,1.1666666666666667,27.2,135.04183199218696,139.51946280197177,-0.3000000000000007
2018-12,6.75,10.25,4.391666666666667,1.0583333333333333,27.2,135.41770491637394,139.9640566997994,-0.3000000000000007
2019-01,6.75,10.25,4.35,0.9500000000000001,27.2,135.79006277873845,140.40537375709292,-0.3000000000000007
2019-02,6.75,10.25,4.308333333333333,0.8416666666666668,27.2,136.1588690207206,140.84337220139597,-0.3000000000000007
2019-03,6.75,10.25,4.266666666666667,0.7333333333333334,27.2,136.52408732580457,141.2780104434552,-0.3000000000000007
2019-04,6.75,10.25,4.225,0.625,27.2,136.8856816253378,141.70924708361366,-0.3000000000000007
2019-05,6.75,10.25,4.183333333333333,0.5166666666666666,28.8,137.24361610432942,142.1370409181974,1.6000000000000014
2019-06,6.75,10.25,4.141666666666667,0.40833333333333344,28.8,137.59785520722642,142.56135094589584,1.6000000000000014
2019-07,6.5,10.0,4.1,0.3,28.8,137.94836364366705,142.98213637413204,1.6000000000000014
2019-08,6.5,10.0,4.033333333333333,-0.24166666666666664,28.8,138.29231043551172,143.39647147161276,1.6000000000000014
2019-09,6.5,10.0,3.9666666666666663,-0.7833333333333332,28.8,138.62963726160177,143.8042880627464,1.6000000000000014
2019-10,6.5,10.0,3.8999999999999995,-1.325,28.8,138.96028668744978,144.20551877827953,1.6000000000000014
2019-11,6.5,10.0,3.833333333333333,-1.8666666666666665,28.8,139.28420218113425,144.6000970733563,1.6000000000000014
2019-12,6.5,10.0,3.7666666666666666,-2.408333333333333,28.8,139.60132812901165,144.98795724543268,1.6000000000000014
2020-01,6.25,9.75,3.6999999999999997,-2.95,28.8,139.91160985123966,145.3690344520395,1.6000000000000014
2020-02,6.25,9.75,3.633333333333333,-3.4916666666666667,28.8,140.21499361710607,145.74326472838723,1.6000000000000014
2020-03,5.25,8.75,3.5666666666666664,-4.033333333333333,28.8,140.51142666015699,146.11058500480638,1.6000000000000014
2020-04,4.25,7.75,3.5,-4.575,28.8,140.80085719311893,146.47093312401734,1.6000000000000014
2020-05,3.75,7.25,3.433333333333333,-5.116666666666666,30.1,141.083234422609,146.82424785822224,1.3000000000000007
2020-06,3.75,7.25,3.3666666666666663,-5.658333333333333,30.1,141.35850856362725,147.17046892601357,1.3000000000000007
2020-07,3.5,7.0,3.3,-6.2,30.1,141.62663085382567,147.50953700909238,1.3000000000000007
2020-08,3.5,7.0,3.4,-5.275,23.3,141.9068152843839,147.8613661322338,-5.5
2020-09,3.5,7.0,3.5,-4.35,23.3,142.19912008944453,148.22603215001723,-5.5
2020-10,3.5,7.0,3.5999999999999996,-3.425,23.3,142.50360653525456,148.6036141602198,-5.5
2020-11,3.5,7.0,3.6999999999999997,-2.4999999999999996,30.8,142.82033894068417,148.99419453152603,2.0
2020-12,3.5,7.0,3.8,-1.5749999999999993,30.8,143.1493846989988,149.39785893258755,2.0
2021-01,3.5,7.0,3.9,-0.6499999999999995,30.8,143.4908143008948,149.81469636244557,2.0
2021-02,3.5,7.0,4.0,0.27500000000000124,32.5,143.84470135880838,150.24479918233138,3.6999999999999993
2021-03,3.5,7.0,4.1,1.200000000000001,32.5,144.21112263250924,150.6882631488604,3.6999999999999993
2021-04,3.5,7.0,4.2,2.125000000000001,32.5,144.5901580559921,151.14518744863548,3.6999999999999993
2021-05,3.5,7.0,4.3,3.0500000000000016,32.6,144.98189076567638,151.61567473427706,2.5
2021-06,3.5,7.0,4.4,3.9750000000000023,32.6,145.38640712993023,152.09983116189738,2.5
2021-07,3.5,7.0,4.5,4.9,32.6,145.80379677993074,152.59776643003784,2.5
2021-08,3.5,7.0,4.7,4.666666666666667,34.4,146.2459101625928,153.12184503877256,11.099999999999998
2021-09,3.5,7.0,4.9,4.433333333333334,34.4,146.71291924686128,153.67227771045984,11.099999999999998
2021-10,3.5,7.0,5.1,4.2,34.4,147.20500830099104,154.24928825071154,11.099999999999998
2021-11,3.75,7.25,5.3,3.966666666666667,34.9,147.72237400509871,154.85311369150165,4.099999999999998
2021-12,3.75,7.25,5.5,3.7333333333333334,34.9,148.2652255737475,155.4840044449642,4.099999999999998
2022-01,4.0,7.5,5.7,3.5,34.9,148.8337848886603,156.14222446801048,4.099999999999998
2022-02,4.0,7.5,5.9,3.2666666666666666,35.3,149.42828664166947,156.82805143790682,2.799999999999997
2022-03,4.25,7.75,6.1000000000000005,3.033333333333333,35.3,150.04897848802185,157.54177693896682,2.799999999999997
2022-04,4.25,7.75,6.300000000000001,2.8000000000000003,35.3,150.69612121016922,158.28370666052402,2.799999999999997
2022-05,4.75,8.25,6.5,2.566666666666667,34.5,151.3699888921873,159.05416060636404,1.8999999999999986
2022-06,4.75,8.25,6.700000000000001,2.3333333333333335,34.5,152.07086910497625,159.85347331580766,1.8999999999999986
2022-07,5.5,9.0,6.9,2.1,34.5,152.79906310240946,160.68199409664862,1.8999999999999986
2022-08,5.5,9.0,6.825,1.9916666666666667,33.9,153.52168005843728,161.50531855831167,-0.5
2022-09,6.25,9.75,6.75,1.8833333333333333,33.9,154.23860161802952,162.32331634031968,-0.5
2022-10,6.25,9.75,6.675000000000001,1.7750000000000001,33.9,154.94970978196307,163.13585724824074,-0.5
2022-11,7.0,10.5,6.6000000000000005,1.6666666666666667,33.7,155.65488693770308,163.94281128637337,-1.1999999999999957
2022-12,7.0,10.5,6.525,1.5583333333333333,33.7,156.3540158903656,164.7440486905947,-1.1999999999999957
2023-01,7.25,10.75,6.45,1.4500000000000002,33.7,157.04697989375035,165.53943996136047,-1.1999999999999957
2023-02,7.25,10.75,6.375,1.3416666666666668,32.9,157.7336626814334,166.3288558968463,-2.3999999999999986
2023-03,7.75,11.25,6.3,1.2333333333333334,32.9,158.41394849790822,167.11216762621876,-2.3999999999999986
2023-04,7.75,11.25,6.225,1.125,32.9,159.08772212976478,167.88924664302527,-2.3999999999999986
2023-05,8.25,11.75,6.15,1.0166666666666666,32.9,159.75486893689458,168.6599648386917,-1.6000000000000014
2023-06,8.25,11.75,6.075,0.9083333333333334,32.9,160.41527488371133,169.4241945361155,-1.6000000000000014
2023-07,8.25,11.75,6.0,0.8,32.9,161.06882657037553,170.18180852334353,-1.6000000000000014
2023-08,8.25,11.75,5.866666666666667,0.775,32.6,161.70791717808947,170.92479643970975,-1.2999999999999972
2023-09,8.25,11.75,5.733333333333333,0.75,32.6,162.33233185459093,171.65291459099888,-1.2999999999999972
2023-10,8.25,11.75,5.6,0.7250000000000001,32.6,162.94185927163238,172.36592259559936,-1.2999999999999972
2023-11,8.25,11.75,5.466666666666667,0.7000000000000001,31.9,163.53629173935892,173.06358351119147,-1.8000000000000043
2023-12,8.25,11.75,5.333333333333334,0.675,31.9,164.11542531951687,173.74566396051296,-1.8000000000000043
2024-01,8.25,11.75,5.2,0.65,31.9,164.67905993741144,174.41193425611456,-1.8000000000000043
2024-02,8.25,11.75,5.066666666666666,0.625,32.1,165.2269994925299,175.06216852401582,-0.7999999999999972
2024-03,8.25,11.75,4.933333333333334,0.6,32.1,165.75905196774934,175.69614482617266,-0.7999999999999972
2024-04,8.25,11.75,4.800000000000001,0.575,32.1,166.2750295370473,176.31364528166756,-0.7999999999999972
2024-05,8.25,11.75,4.666666666666667,0.55,32.9,166.77474867163414,176.9144561865346,0.0
2024-06,8.25,11.75,4.533333333333333,0.5249999999999999,32.9,167.25803024442712,177.49836813213025,0.0
2024-07,8.25,11.75,4.4,0.5,32.9,167.724699632786,178.06517612196316,0.0
2024-08,8.25,11.75,4.300000000000001,0.55,33.5,168.17910989107406,178.61946040183403,0.8999999999999986
2024-09,8.0,11.5,4.2,0.6,33.5,168.62114126129623,179.16107903997366,0.8999999999999986
2024-10,8.0,11.5,4.1000000000000005,0.65,33.5,169.05067653628524,179.68989257089834,0.8999999999999986
2024-11,7.75,11.25,4.0,0.7000000000000001,33.2,169.46760110981418,180.20576405331116,1.3000000000000043
2024-12,7.75,11.25,3.9000000000000004,0.75,33.2,169.8718030258955,180.7085591272852,1.3000000000000043
2025-01,7.5,11.0,3.8000000000000003,0.8,33.2,170.26317302723788,181.19814607069713,1.3000000000000043
2025-02,7.5,11.0,3.7,0.8500000000000001,31.9,170.64160460283205,181.674395854878,-0.20000000000000284
2025-03,7.5,11.0,3.6,0.9000000000000001,31.9,171.00699403463832,182.13718219945065,-0.20000000000000284
2025-04,7.5,11.0,3.5,0.9500000000000001,31.9,171.35924044334766,182.58638162632172,-0.20000000000000284
2025-05,7.25,10.75,3.4000000000000004,1.0,32.9,171.698245833189,183.02187351279676,0.0
2025-06,7.25,10.75,3.3,1.0500000000000003,32.9,172.02391513575608,183.4435401437883,0.0
2025-07,7.25,10.75,3.2,1.1,32.9,172.3361562528275,183.8512667630854,0.0
2025-08,7.0,10.5,3.2,1.1,33.2,172.64896411967388,184.25989960669514,-0.29999999999999716
2025-09,7.0,10.5,3.2,1.1,33.2,172.9623397650044,184.66944068881645,-0.29999999999999716
2025-10,7.0,10.5,3.2,1.1,33.2,173.27628421939548,185.07989202812507,-0.29999999999999716
2025-11,6.75,10.25,3.2,1.1,31.9,173.59079851529413,185.49125564778345,-1.3000000000000043
2025-12,6.75,10.25,3.2,1.1,31.9,173.90588368702134,185.90353357545078,-1.3000000000000043
