year,loan_months_performing,new_defaults,arrears_30plus_share,default_stock_share,annual_default_rate
2012,10538,1,0.003699838724978655,0.0002846029788445119,0.0011387360030366293
2013,32123,20,0.007074813044962299,0.003227107704719645,0.00747128225881767
2014,53504,52,0.013219616204690832,0.007991100398627979,0.01166267942583732
2015,75143,50,0.014593449396654955,0.011185240745858171,0.007984775694342788
2016,96291,102,0.0161341705289336,0.010461519489461406,0.012711468361529116
2017,117002,124,0.020674051458033693,0.01590505748866628,0.012717731320832124
2018,138089,163,0.022050025639564697,0.016516152925759215,0.014164777788238022
2019,158256,273,0.027539972887147393,0.020371780348752994,0.02070063694267516
2020,172719,489,0.04280133834746594,0.0320015244158741,0.03397425876713043
2021,191184,142,0.03228232424604283,0.02851190324957443,0.008912879738890284
2022,212210,251,0.024831857998012342,0.019067649709940602,0.014193487583054522
2023,231634,568,0.03374832585055215,0.02442784100002527,0.029425731973717156
2024,247164,794,0.051510610378215534,0.04043047154648301,0.03854930329659659
2025,248647,394,0.04712500434056246,0.040650814289517445,0.019014908685807592
