variable,bin,n,bad_rate,woe,iv_part
score_z,0,129051,0.04133249645488993,-0.9325169300316167,0.17302743709964585
score_z,1,128558,0.024494780565970223,-0.39198183825082406,0.022962047477301954
score_z,2,129844,0.020409106312190013,-0.20535340154433995,0.005795361860544022
score_z,3,134709,0.016762057472032306,-0.0048068465063530914,2.985900121779375e-06
score_z,4,130839,0.01235870038749914,0.30433146632419067,0.010043277749327584
score_z,5,125811,0.008798912654696331,0.6475192046294949,0.03746234072233613
score_z,6,133758,0.006638855246041358,0.9312730899841636,0.07297848610645151
score_z,7,132279,0.0032582647283393436,1.6458187935528639,0.17047577253525953
cltv,0,130606,0.014264275760684808,0.15904310181924844,0.002930424368068699
cltv,1,130606,0.015029937368880449,0.10599390665995366,0.0013347204571346636
cltv,2,130606,0.01674501937123869,-0.003779601441941462,1.7889477261195018e-06
cltv,3,130606,0.01633156210281304,0.021636322664888137,5.790876904546763e-05
cltv,4,130606,0.017227386184401942,-0.03266337601843231,0.00013548953445223152
cltv,5,130606,0.01821508965897432,-0.0894068625918861,0.0010436038037720168
cltv,6,130606,0.01667610982650108,0.00041325159117137087,2.1342948722901554e-08
cltv,7,130607,0.018995919054874546,-0.1321676699802379,0.0023289437738881376
ltv0,0,130596,0.015429262764556341,0.07937312988325687,0.0007579795992286169
ltv0,1,130586,0.01611198750248878,0.03539228798600296,0.0001539048340384765
ltv0,2,130621,0.015181326126733067,0.09582067286656858,0.001096230835847932
ltv0,3,130592,0.01578197745650576,0.05641762624016645,0.000387168070260474
ltv0,4,130628,0.01850292433475212,-0.10537521536982057,0.0014613036131739475
ltv0,5,130601,0.018223443924625386,-0.08987382359489147,0.001054734064565463
ltv0,6,130532,0.01692305335090246,-0.014534337357422406,2.657726326454983e-05
ltv0,7,130693,0.017330691008699776,-0.03874566695852471,0.0001913383601930179
dti,0,130606,0.00957842671852748,0.5618990850560656,0.030411564740398075
dti,1,130606,0.012809518705113088,0.26805701482255884,0.007909798749618847
dti,2,130606,0.012993277491080042,0.2536315162456375,0.0071290736085997675
dti,3,130606,0.01686752522854999,-0.011191866924668814,1.5742299182855058e-05
dti,4,130606,0.017319265577385418,-0.03807485284676201,0.0001845871594994365
dti,5,130606,0.020259406152856683,-0.1978389008472325,0.005390402454365348
dti,6,130606,0.0214155551812321,-0.25450779820102704,0.009176058242034216
dti,7,130607,0.02224229941733598,-0.2932246636283467,0.012418860660441604
age,0,126076,0.013333227577017038,0.2274572427430745,0.00560275947172975
age,1,133756,0.016784293788689852,-0.006156424356193047,4.86644745326436e-06
age,2,119854,0.01755469154137534,-0.05183244113257061,0.00031602660643757156
age,3,137692,0.017713447404351743,-0.060964815954392,0.0005045059787205935
age,4,129818,0.017462909611918223,-0.04648020947049793,0.0002745412085842221
age,5,135179,0.018072333720474332,-0.08138798876865207,0.0008915746384950334
age,6,127287,0.01844650278504482,-0.10226971742451392,0.0013391967445722094
age,7,135187,0.014106385969065072,0.17033993465952588,0.0034609021762830186
emp,0,753535,0.014390837850929287,0.1503001997844467,0.015161866776394148
emp,1,166161,0.021665733836459818,-0.2663388440731296,0.01286050486833893
emp,2,125153,0.023890757712559826,-0.36640279712904905,0.01927980781082655
st,0,1038425,0.01270963237595397,0.2762441203168095,0.06653564525265786
st,1,4018,0.5059731209556994,-4.100210185852068,0.4702969414723794
st,2,2406,0.9156275976724855,-6.458458790475487,0.8149647636771011
