test,multiple,absolute_pp,stage2_share_pct,stage2_ead_pct,total_ecl
SICR thresholds,1.5,0.25,34.87750131333874,40.154483795166016,350379467.8693799
SICR thresholds,1.5,0.5,27.699508094942455,32.958133697509766,344932280.63737094
SICR thresholds,1.5,1.0,16.67223840680071,20.681392669677734,328456037.54574895
SICR thresholds,2.0,0.25,20.95133482974354,25.392061233520508,318149318.7127534
SICR thresholds,2.0,0.5,18.267348010888774,22.557716369628906,316691006.4852074
SICR thresholds,2.0,1.0,12.240317111609915,15.632440567016602,309356296.960155
SICR thresholds,2.5,0.25,10.56879507139787,13.38914680480957,290105050.5129642
SICR thresholds,2.5,0.5,9.39395386599169,12.00144100189209,289446065.0778952
SICR thresholds,2.5,1.0,6.609675724724198,8.631176948547363,286227021.4543772
SICR thresholds,3.0,0.25,4.618176608242992,6.003281116485596,276403443.2000573
SICR thresholds,3.0,0.5,4.178805100530111,5.479564666748047,276176209.7622918
SICR thresholds,3.0,1.0,3.0851521085056595,4.153635501861572,275047250.9465695
SICR thresholds,4.0,0.25,2.5359377238645586,3.339792490005493,271287014.8593184
SICR thresholds,4.0,0.5,2.406991737905344,3.195448637008667,271223563.9981563
SICR thresholds,4.0,1.0,1.9914991164812075,2.6944308280944824,270782506.19946134
Probation months,6.0,,9.546778738239649,,288824858.99809086
Probation months,12.0,,9.39395386599169,,289446065.0778952
Probation months,18.0,,9.226801661970486,,290558915.65560335
